external_id,channel,status,received_at,generated_at,dispatched_at,ack_ms,interno_ms,dispatch_ms,e2e_ms,wamid,dispatch_mode,message_status,is_fallback,validator_passes,cost_usd,llm_latency_ms
3000000000000001,mercadolibre,paid,2026-09-15 04:48:59.245+00,2026-09-15 04:49:00.373122+00,2026-09-15 04:49:00.416997+00,0,1128,44,1172,wamid.sim_mu26zd9y-3j2hbsnu,simulate,sent,f,1,0.000147,1037
3000000000000003,mercadolibre,paid,2026-09-15 04:49:01.321+00,2026-09-15 04:49:02.627667+00,2026-09-15 04:49:02.670363+00,0,1307,43,1349,wamid.sim_mu26zf0i-3ayn859h,simulate,sent,f,1,0.000146,1205
3000000000000005,mercadolibre,paid,2026-09-15 04:49:03.373+00,2026-09-15 04:49:04.375443+00,2026-09-15 04:49:04.4154+00,0,1002,40,1042,wamid.sim_mu26zgd0-q41g1fkq,simulate,sent,f,1,0.000146,931
3000000000000009,mercadolibre,paid,2026-09-15 04:49:07.478+00,2026-09-15 04:49:08.536739+00,2026-09-15 04:49:08.575094+00,0,1059,38,1097,wamid.sim_mu26zjkj-iellaqak,simulate,sent,f,1,0.000147,989
3000000000000011,mercadolibre,paid,2026-09-15 04:49:09.516+00,2026-09-15 04:49:10.704925+00,2026-09-15 04:49:10.755815+00,0,1189,51,1240,wamid.sim_mu26zl95-n8iwn1pi,simulate,sent,f,1,0.000148,1110
3000000000000015,mercadolibre,paid,2026-09-15 04:49:13.617+00,2026-09-15 04:49:14.653467+00,2026-09-15 04:49:14.698312+00,0,1036,45,1081,wamid.sim_mu26zoah-fw12qmwn,simulate,sent,f,1,0.000148,962
3000000000000017,mercadolibre,paid,2026-09-15 04:49:15.669+00,2026-09-15 04:49:16.699989+00,2026-09-15 04:49:16.737199+00,0,1031,37,1068,wamid.sim_mu26zpva-3svp2g7t,simulate,sent,f,1,0.000148,964
3000000000000019,mercadolibre,paid,2026-09-15 04:49:17.722+00,2026-09-15 04:49:18.697498+00,2026-09-15 04:49:18.732342+00,0,975,35,1010,wamid.sim_mu26zreq-kkcddwl9,simulate,sent,f,1,0.000147,908
3000000000000021,mercadolibre,paid,2026-09-15 04:49:19.771+00,2026-09-15 04:49:20.748284+00,2026-09-15 04:49:20.78623+00,0,977,38,1015,wamid.sim_mu26zszt-2v1vunh4,simulate,sent,f,1,0.000141,909
3000000000000023,mercadolibre,paid,2026-09-15 04:49:21.808+00,2026-09-15 04:49:22.836879+00,2026-09-15 04:49:22.872748+00,0,1029,36,1065,wamid.sim_mu26zulq-n624i3go,simulate,sent,f,1,0.000149,953
3000000000000025,mercadolibre,paid,2026-09-15 04:49:23.853+00,2026-09-15 04:49:25.196854+00,2026-09-15 04:49:25.240108+00,0,1344,43,1387,wamid.sim_mu26zwfi-0cs2giwy,simulate,sent,f,1,0.000147,1264
3000000000000027,mercadolibre,paid,2026-09-15 04:49:25.902+00,2026-09-15 04:49:26.951419+00,2026-09-15 04:49:27.001517+00,0,1049,50,1100,wamid.sim_mu26zxsb-1mvmd67i,simulate,sent,f,1,0.000148,980
3000000000000029,mercadolibre,paid,2026-09-15 04:49:27.952+00,2026-09-15 04:49:28.984406+00,2026-09-15 04:49:29.021285+00,0,1032,37,1069,wamid.sim_mu26zzci-iokbqtgq,simulate,sent,f,1,0.000145,952
3000000000000031,mercadolibre,paid,2026-09-15 04:49:29.994+00,2026-09-15 04:49:31.01893+00,2026-09-15 04:49:31.056944+00,0,1025,38,1063,wamid.sim_mu2700x3-ki173wlg,simulate,sent,f,1,0.000145,958
3000000000000033,mercadolibre,paid,2026-09-15 04:49:32.042+00,2026-09-15 04:49:32.991552+00,2026-09-15 04:49:33.027133+00,0,950,36,985,wamid.sim_mu2702ft-0fppu7ux,simulate,sent,f,1,0.000147,880
3000000000000035,mercadolibre,paid,2026-09-15 04:49:34.081+00,2026-09-15 04:49:35.028964+00,2026-09-15 04:49:35.063913+00,0,948,35,983,wamid.sim_mu27040e-tjo4ovys,simulate,sent,f,1,0.000146,874
3000000000000037,mercadolibre,paid,2026-09-15 04:49:36.136+00,2026-09-15 04:49:37.153074+00,2026-09-15 04:49:37.194175+00,0,1017,41,1058,wamid.sim_mu2705nk-wh31u0ez,simulate,sent,f,1,0.000143,940
3000000000000039,mercadolibre,paid,2026-09-15 04:49:38.187+00,2026-09-15 04:49:39.139421+00,2026-09-15 04:49:39.177529+00,0,952,38,991,wamid.sim_mu27076m-fg8lzwgn,simulate,sent,f,1,0.000145,886
3000000000000041,mercadolibre,paid,2026-09-15 04:49:40.241+00,2026-09-15 04:49:41.426399+00,2026-09-15 04:49:41.462926+00,0,1185,37,1222,wamid.sim_mu2708y5-hzrhsmx0,simulate,sent,f,1,0.000146,1114
3000000000000042,mercadolibre,pending_payment,2026-09-15 04:49:42.284+00,2026-09-15 04:49:43.331045+00,2026-09-15 04:49:43.365529+00,0,1047,34,1082,wamid.sim_mu270af0-bh9e7t1y,simulate,sent,f,1,0.000153,977
3000000000000045,mercadolibre,paid,2026-09-15 04:49:44.33+00,2026-09-15 04:49:45.280177+00,2026-09-15 04:49:45.321832+00,0,950,42,992,wamid.sim_mu270bxc-t6e32k6h,simulate,sent,f,1,0.000146,887
3000000000000047,mercadolibre,paid,2026-09-15 04:49:46.382+00,2026-09-15 04:49:47.374041+00,2026-09-15 04:49:47.408897+00,0,992,35,1027,wamid.sim_mu270djc-aezl0iy2,simulate,sent,f,1,0.000148,925
3000000000000049,mercadolibre,paid,2026-09-15 04:49:48.424+00,2026-09-15 04:49:49.455338+00,2026-09-15 04:49:49.487621+00,0,1031,32,1064,wamid.sim_mu270f52-l1t58fyp,simulate,sent,f,1,0.000144,957
3000000000000051,mercadolibre,paid,2026-09-15 04:49:50.466+00,2026-09-15 04:49:51.562508+00,2026-09-15 04:49:51.601894+00,0,1097,39,1136,wamid.sim_mu270gro-1itbgc01,simulate,sent,f,1,0.000146,1033
3000000000000053,mercadolibre,paid,2026-09-15 04:49:52.52+00,2026-09-15 04:49:53.518337+00,2026-09-15 04:49:53.55558+00,0,998,37,1036,wamid.sim_mu270ia2-26h4yog2,simulate,sent,f,1,0.000147,927
3000000000000055,mercadolibre,shipped,2026-09-15 04:49:54.564+00,2026-09-15 04:49:55.611395+00,2026-09-15 04:49:55.655503+00,0,1047,44,1092,wamid.sim_mu270jwb-yzuzk1hn,simulate,sent,f,1,0.000148,975
3000000000000057,mercadolibre,shipped,2026-09-15 04:49:56.611+00,2026-09-15 04:49:57.677441+00,2026-09-15 04:49:57.712451+00,0,1066,35,1101,wamid.sim_mu270lhi-6i6b1kgw,simulate,sent,f,1,0.000145,996
3000000000000059,mercadolibre,shipped,2026-09-15 04:49:58.65+00,2026-09-15 04:49:59.674361+00,2026-09-15 04:49:59.719463+00,0,1024,45,1069,wamid.sim_mu270n11-5xgftxgj,simulate,sent,f,1,0.000145,954
3000000000000061,mercadolibre,shipped,2026-09-15 04:50:00.699+00,2026-09-15 04:50:01.734694+00,2026-09-15 04:50:01.772423+00,0,1036,38,1073,wamid.sim_mu270oma-hymk234w,simulate,sent,f,1,0.000145,947
3000000000000063,mercadolibre,shipped,2026-09-15 04:50:02.74+00,2026-09-15 04:50:03.778549+00,2026-09-15 04:50:03.830511+00,0,1039,52,1091,wamid.sim_mu270q7g-8rldgft4,simulate,sent,f,1,0.000147,973
3000000000000065,mercadolibre,shipped,2026-09-15 04:50:04.785+00,2026-09-15 04:50:05.961402+00,2026-09-15 04:50:06.001148+00,0,1176,40,1216,wamid.sim_mu270rvr-5z7a8tih,simulate,sent,f,1,0.000148,1109
3000000000000067,mercadolibre,shipped,2026-09-15 04:50:06.834+00,2026-09-15 04:50:07.79347+00,2026-09-15 04:50:07.842201+00,0,959,49,1008,wamid.sim_mu270tax-3x1qc18v,simulate,sent,f,1,0.000145,890
3000000000000069,mercadolibre,shipped,2026-09-15 04:50:08.887+00,2026-09-15 04:50:09.886259+00,2026-09-15 04:50:09.920632+00,0,999,34,1034,wamid.sim_mu270uwn-3rscv1cg,simulate,sent,f,1,0.000148,933
3000000000000071,mercadolibre,shipped,2026-09-15 04:50:10.94+00,2026-09-15 04:50:11.940195+00,2026-09-15 04:50:12.001857+00,0,1000,62,1062,wamid.sim_mu270wif-nvwyfh3v,simulate,sent,f,1,0.000147,928
3000000000000073,mercadolibre,shipped,2026-09-15 04:50:12.997+00,2026-09-15 04:50:14.187466+00,2026-09-15 04:50:14.226498+00,0,1190,39,1229,wamid.sim_mu270y89-n37vvpxo,simulate,sent,f,1,0.000145,1102
3000000000000075,mercadolibre,shipped,2026-09-15 04:50:15.049+00,2026-09-15 04:50:16.083966+00,2026-09-15 04:50:16.128979+00,0,1035,45,1080,wamid.sim_mu270zp3-h5cwm9ay,simulate,sent,f,1,0.000145,964
3000000000000077,mercadolibre,shipped,2026-09-15 04:50:17.092+00,2026-09-15 04:50:18.05666+00,2026-09-15 04:50:18.094893+00,0,965,38,1003,wamid.sim_mu27117o-lbijoztl,simulate,sent,f,1,0.000145,901
3000000000000079,mercadolibre,shipped,2026-09-15 04:50:19.145+00,2026-09-15 04:50:20.142012+00,2026-09-15 04:50:20.184372+00,0,997,42,1039,wamid.sim_mu2712tr-1w3qps68,simulate,sent,f,1,0.000148,921
3000000000000081,mercadolibre,shipped,2026-09-15 04:50:21.195+00,2026-09-15 04:50:22.262735+00,2026-09-15 04:50:22.296774+00,0,1068,34,1102,wamid.sim_mu2714gg-vxolriip,simulate,sent,f,1,0.000149,1004
3000000000000083,mercadolibre,shipped,2026-09-15 04:50:23.241+00,2026-09-15 04:50:24.307888+00,2026-09-15 04:50:24.341782+00,0,1067,34,1101,wamid.sim_mu271619-g3acgwu2,simulate,sent,f,1,0.000148,1002
3000000000000085,mercadolibre,shipped,2026-09-15 04:50:25.297+00,2026-09-15 04:50:26.328821+00,2026-09-15 04:50:26.36832+00,0,1032,39,1071,wamid.sim_mu2717lh-jzjreye9,simulate,sent,f,1,0.000148,959
3000000000000087,mercadolibre,shipped,2026-09-15 04:50:27.35+00,2026-09-15 04:50:28.324448+00,2026-09-15 04:50:28.360423+00,0,974,36,1010,wamid.sim_mu27194t-ar2gtye1,simulate,sent,f,1,0.000147,892
3000000000000089,mercadolibre,shipped,2026-09-15 04:50:29.385+00,2026-09-15 04:50:30.40762+00,2026-09-15 04:50:30.439973+00,0,1023,32,1055,wamid.sim_mu271aqn-lw7z0r3c,simulate,sent,f,1,0.000147,960
3000000000000091,mercadolibre,delivered,2026-09-15 04:50:31.433+00,2026-09-15 04:50:32.493261+00,2026-09-15 04:50:32.529853+00,0,1060,37,1097,wamid.sim_mu271cco-0y99ntye,simulate,sent,f,1,0.000151,990
3000000000000093,mercadolibre,delivered,2026-09-15 04:50:33.485+00,2026-09-15 04:50:34.539963+00,2026-09-15 04:50:34.578708+00,0,1055,39,1094,wamid.sim_mu271dxj-uyozj7w9,simulate,sent,f,1,0.000152,987
3000000000000095,mercadolibre,delivered,2026-09-15 04:50:35.542+00,2026-09-15 04:50:36.55214+00,2026-09-15 04:50:36.586079+00,0,1010,34,1044,wamid.sim_mu271fhd-ydzfe4a7,simulate,sent,f,1,0.000151,921
3000000000000097,mercadolibre,delivered,2026-09-15 04:50:37.583+00,2026-09-15 04:50:38.629321+00,2026-09-15 04:50:38.671147+00,0,1046,42,1088,wamid.sim_mu271h36-zh5fzepr,simulate,sent,f,1,0.000153,979
3000000000000099,mercadolibre,delivered,2026-09-15 04:50:39.631+00,2026-09-15 04:50:40.635027+00,2026-09-15 04:50:40.669868+00,0,1004,35,1039,wamid.sim_mu271imt-jjlpmyxi,simulate,sent,f,1,0.000154,934
3000000000000101,mercadolibre,delivered,2026-09-15 04:50:41.672+00,2026-09-15 04:50:42.93912+00,2026-09-15 04:50:42.987407+00,0,1267,48,1315,wamid.sim_mu271kex-lbng5i19,simulate,sent,f,1,0.000151,1199
3000000000000103,mercadolibre,delivered,2026-09-15 04:50:43.723+00,2026-09-15 04:50:44.907849+00,2026-09-15 04:50:44.941578+00,0,1185,34,1219,wamid.sim_mu271lxg-9qzatarc,simulate,sent,f,1,0.000154,1118
3000000000000105,mercadolibre,delivered,2026-09-15 04:50:45.78+00,2026-09-15 04:50:46.736474+00,2026-09-15 04:50:46.788085+00,0,956,52,1008,wamid.sim_mu271ncq-rvc3th4o,simulate,sent,f,1,0.000144,890
3000000000000107,mercadolibre,delivered,2026-09-15 04:50:47.84+00,2026-09-15 04:50:48.977348+00,2026-09-15 04:50:49.009624+00,0,1137,32,1170,wamid.sim_mu271p2g-71d7wqx5,simulate,sent,f,1,0.000152,1065
3000000000000109,mercadolibre,delivered,2026-09-15 04:50:49.889+00,2026-09-15 04:50:51.130362+00,2026-09-15 04:50:51.178729+00,0,1241,48,1290,wamid.sim_mu271qqn-ydjepif9,simulate,sent,f,1,0.000154,1173
3000000000000111,mercadolibre,delivered,2026-09-15 04:50:51.933+00,2026-09-15 04:50:53.011227+00,2026-09-15 04:50:53.046571+00,0,1078,35,1114,wamid.sim_mu271s6l-6wol1ssa,simulate,sent,f,1,0.000154,1011
3000000000000113,mercadolibre,delivered,2026-09-15 04:50:53.981+00,2026-09-15 04:50:55.096946+00,2026-09-15 04:50:55.137535+00,0,1116,41,1157,wamid.sim_mu271tsp-rqs5yb15,simulate,sent,f,1,0.000154,1047
3000000000000115,mercadolibre,pending_payment,2026-09-15 04:50:56.027+00,2026-09-15 04:50:57.155403+00,2026-09-15 04:50:57.188586+00,0,1128,33,1162,wamid.sim_mu271vdo-e9dec2st,simulate,sent,f,1,0.000154,1062
3000000000000117,mercadolibre,pending_payment,2026-09-15 04:50:58.079+00,2026-09-15 04:50:59.197451+00,2026-09-15 04:50:59.235464+00,0,1118,38,1156,wamid.sim_mu271wyi-r2ntleyu,simulate,sent,f,1,0.000158,1048
3000000000000119,mercadolibre,pending_payment,2026-09-15 04:51:00.128+00,2026-09-15 04:51:01.243735+00,2026-09-15 04:51:01.277821+00,0,1116,34,1150,wamid.sim_mu271yj9-onpvx1xe,simulate,sent,f,1,0.000158,1050
3000000000000121,mercadolibre,pending_payment,2026-09-15 04:51:02.174+00,2026-09-15 04:51:03.276595+00,2026-09-15 04:51:03.311756+00,0,1103,35,1138,wamid.sim_mu27203r-n8u0izrr,simulate,sent,f,1,0.000153,1029
3000000000000123,mercadolibre,pending_payment,2026-09-15 04:51:04.212+00,2026-09-15 04:51:05.385536+00,2026-09-15 04:51:05.419138+00,0,1174,34,1207,wamid.sim_mu2721qa-mbfr1sri,simulate,sent,f,1,0.000158,1106
3000000000000125,mercadolibre,pending_payment,2026-09-15 04:51:06.256+00,2026-09-15 04:51:07.371134+00,2026-09-15 04:51:07.406273+00,0,1115,35,1150,wamid.sim_mu27239g-3brjjyaj,simulate,sent,f,1,0.000154,1042
3000000000000127,mercadolibre,cancelled,2026-09-15 04:51:08.313+00,2026-09-15 04:51:09.364594+00,2026-09-15 04:51:09.401502+00,0,1052,37,1089,wamid.sim_mu2724ss-nbbfqqv7,simulate,sent,f,1,0.000157,956
3000000000000129,mercadolibre,cancelled,2026-09-15 04:51:10.372+00,2026-09-15 04:51:11.470173+00,2026-09-15 04:51:11.507501+00,0,1098,37,1136,wamid.sim_mu2726fe-aonwpdkz,simulate,sent,f,1,0.000154,1026
3000000000000131,mercadolibre,cancelled,2026-09-15 04:51:12.416+00,2026-09-15 04:51:13.593707+00,2026-09-15 04:51:13.639438+00,0,1178,46,1223,wamid.sim_mu27282a-0evc2enm,simulate,sent,f,1,0.000157,1108
3000000000000133,mercadolibre,cancelled,2026-09-15 04:51:14.472+00,2026-09-15 04:51:15.619622+00,2026-09-15 04:51:15.654391+00,0,1148,35,1182,wamid.sim_mu2729ml-23ayoxvx,simulate,sent,f,1,0.000154,1080
3000000000000135,mercadolibre,cancelled,2026-09-15 04:51:16.515+00,2026-09-15 04:51:17.584045+00,2026-09-15 04:51:17.634036+00,0,1069,50,1119,wamid.sim_mu272b5c-oe95de8r,simulate,sent,f,1,0.000154,1003
3000000000000137,mercadolibre,cancelled,2026-09-15 04:51:18.563+00,2026-09-15 04:51:19.667908+00,2026-09-15 04:51:19.702672+00,0,1105,35,1140,wamid.sim_mu272cr2-lh5fza5q,simulate,sent,f,1,0.000148,1034
3000000000000139,mercadolibre,refunded,2026-09-15 04:51:20.607+00,2026-09-15 04:51:21.678506+00,2026-09-15 04:51:21.725226+00,0,1072,47,1118,wamid.sim_mu272eb1-1bl4cyxy,simulate,sent,f,1,0.000149,997
3000000000000141,mercadolibre,refunded,2026-09-15 04:51:22.663+00,,,0,,,,,live,,,,,
3000000000000143,mercadolibre,refunded,2026-09-15 04:51:24.704+00,,,0,,,,,live,,,,,
3000000000000145,mercadolibre,error,2026-09-15 04:51:26.744+00,,,0,,,,,live,,,,,
3000000000000147,mercadolibre,error,2026-09-15 04:51:28.784+00,,,0,,,,,live,,,,,
3000000000000149,mercadolibre,error,2026-09-15 04:51:30.845+00,,,0,,,,,live,,,,,
55,woocommerce,paid,2026-09-15 02:57:52.766+00,2026-09-15 02:57:54.146656+00,2026-09-15 02:57:55.734458+00,0,1381,1588,2968,wamid.HBgNNTQ5MjYxMzA3NTg1MBUCABEYEkNFQTE1NDhBOTlGRDRFODQyRQA=,live,sent,f,1,0.000147,1255
56,woocommerce,pending_payment,2026-09-15 02:58:07.972+00,2026-09-15 02:58:09.31056+00,2026-09-15 02:58:10.754511+00,0,1339,1444,2783,wamid.HBgNNTQ5MjYxMzI3MzkxNhUCABEYEjVGNEExNzYxMUEyNDFDQTI0NAA=,live,sent,f,1,0.000147,1217
57,woocommerce,pending_payment,2026-09-15 02:58:23.153+00,2026-09-15 02:58:24.401044+00,2026-09-15 02:58:25.695022+00,0,1248,1294,2542,wamid.HBgNNTQ5MjYxNTkxNTM5MBUCABEYEjY3Q0ZEMUYwMDNERjU3NTU2NQA=,live,sent,f,1,0.000145,1123
58,woocommerce,paid,2026-09-15 02:58:38.493+00,2026-09-15 02:58:40.3065+00,2026-09-15 02:58:41.819862+00,0,1814,1513,3327,wamid.HBgNNTQ5MjYxMzY3ODA4MBUCABEYEkQ2NDgyMUMwNzY1OTMzOERENwA=,live,sent,f,1,0.000145,1691
59,woocommerce,paid,2026-09-15 02:58:53.801+00,2026-09-15 02:58:54.917505+00,2026-09-15 02:58:56.323346+00,0,1117,1406,2522,wamid.HBgNNTQ5MjYxMzA3NTg1MBUCABEYEjFERTcwNEY4MDVEODFGRjM2OQA=,live,sent,f,1,0.000144,1002
60,woocommerce,paid,2026-09-15 02:59:09.092+00,2026-09-15 02:59:10.148883+00,2026-09-15 02:59:11.359737+00,0,1057,1211,2268,wamid.HBgNNTQ5MjYxMzI3MzkxNhUCABEYEjBBODk2RjBGQTFFNzk3MEZEOQA=,live,sent,f,1,0.000144,951
61,woocommerce,delivered,2026-09-15 02:59:24.445+00,2026-09-15 02:59:25.842601+00,2026-09-15 02:59:27.554672+00,0,1398,1712,3110,wamid.HBgNNTQ5MjYxNTkxNTM5MBUCABEYEkM4QzkzRjg4QzMwNzdGQ0U2NAA=,live,sent,f,1,0.000146,1281
62,woocommerce,paid,2026-09-15 02:59:39.731+00,2026-09-15 02:59:40.785292+00,2026-09-15 02:59:42.19054+00,0,1054,1405,2460,wamid.HBgNNTQ5MjYxMzY3ODA4MBUCABEYEjU5MkQ4QTc5NkU4MjI4Rjk2NAA=,live,sent,f,1,0.000144,942
63,woocommerce,paid,2026-09-15 02:59:55.035+00,2026-09-15 02:59:56.128901+00,2026-09-15 02:59:57.777183+00,0,1094,1648,2742,wamid.HBgNNTQ5MjYxMzA3NTg1MBUCABEYEkE0NTM4RkI2NzBDQzlCQzkxNAA=,live,sent,f,1,0.000144,990
64,woocommerce,paid,2026-09-15 03:00:10.372+00,2026-09-15 03:00:11.541377+00,2026-09-15 03:00:12.91128+00,0,1169,1370,2539,wamid.HBgNNTQ5MjYxMzI3MzkxNhUCABEYEkMwOTk4MjEyNDU3Q0UxMzRBQgA=,live,sent,f,1,0.000147,1062
65,woocommerce,paid,2026-09-15 03:00:25.656+00,2026-09-15 03:00:26.844187+00,2026-09-15 03:00:28.337133+00,0,1188,1493,2681,wamid.HBgNNTQ5MjYxNTkxNTM5MBUCABEYEkU1NDNEMzVFMTE4NTYyMEVEOAA=,live,sent,f,1,0.000144,1096
66,woocommerce,paid,2026-09-15 03:00:40.926+00,2026-09-15 03:00:42.380196+00,2026-09-15 03:00:43.328099+00,0,1454,948,2402,wamid.HBgNNTQ5MjYxMzY3ODA4MBUCABEYEkQ2MzJENzcwNDFEQjYyNEQ2RQA=,live,sent,f,1,0.000144,1362
67,woocommerce,paid,2026-09-15 03:00:56.222+00,2026-09-15 03:00:57.254802+00,2026-09-15 03:00:58.614139+00,0,1033,1359,2392,wamid.HBgNNTQ5MjYxMzA3NTg1MBUCABEYEjA3M0I1OTc5MEQ0RTVBNzgzOQA=,live,sent,f,1,0.000146,939
68,woocommerce,cancelled,2026-09-15 03:01:11.428+00,2026-09-15 03:01:12.637156+00,2026-09-15 03:01:13.557518+00,0,1209,920,2130,wamid.HBgNNTQ5MjYxMzI3MzkxNhUCABEYEkYyRTc1MTlGREM4NTk2NTFCNAA=,live,sent,f,1,0.000147,1101
69,woocommerce,delivered,2026-09-15 03:01:26.725+00,2026-09-15 03:01:27.973538+00,2026-09-15 03:01:29.259805+00,0,1249,1286,2535,wamid.HBgNNTQ5MjYxNTkxNTM5MBUCABEYEkVFQkE4RkIxQTc0NTZDNTJGQQA=,live,sent,f,1,0.000148,1153
70,woocommerce,delivered,2026-09-15 03:01:42.015+00,2026-09-15 03:01:43.528275+00,2026-09-15 03:01:45.133825+00,0,1513,1606,3119,wamid.HBgNNTQ5MjYxMzY3ODA4MBUCABEYEkE0MDUzMzlDMDc1RTkwQkNCOAA=,live,sent,t,0,0.000000,0
71,woocommerce,refunded,2026-09-15 03:01:57.189+00,2026-09-15 03:01:58.53657+00,2026-09-15 03:01:59.976286+00,0,1348,1440,2787,wamid.HBgNNTQ5MjYxMzA3NTg1MBUCABEYEkFGOUVCRDI5QzM1ODM3MDE0RgA=,live,sent,f,1,0.000141,1246
72,woocommerce,paid,2026-09-15 03:02:12.537+00,2026-09-15 03:02:13.722765+00,2026-09-15 03:02:14.962939+00,0,1186,1240,2426,wamid.HBgNNTQ5MjYxMzI3MzkxNhUCABEYEjkwNUM2MEFCRjAxOTBGQjgzRgA=,live,sent,f,1,0.000144,1073
73,woocommerce,paid,2026-09-15 03:02:27.834+00,2026-09-15 03:02:29.112769+00,2026-09-15 03:02:30.390208+00,0,1279,1277,2556,wamid.HBgNNTQ5MjYxNTkxNTM5MBUCABEYEkQyQUY5MjA2N0MwNDQxQzdBMwA=,live,sent,f,1,0.000145,1182
74,woocommerce,cancelled,2026-09-15 03:02:43.032+00,2026-09-15 03:02:44.837882+00,2026-09-15 03:02:46.231222+00,0,1806,1393,3199,wamid.HBgNNTQ5MjYxMzY3ODA4MBUCABEYEjExMEE4MUE3RDA3QTk5QzY2NwA=,live,sent,f,1,0.000147,1718
75,woocommerce,cancelled,2026-09-15 03:02:58.246+00,2026-09-15 03:02:59.330574+00,2026-09-15 03:03:00.74577+00,0,1085,1415,2500,wamid.HBgNNTQ5MjYxMzA3NTg1MBUCABEYEjdFMDI3NTc5N0IzNkJEQzc4QQA=,live,sent,f,1,0.000146,991
76,woocommerce,delivered,2026-09-15 03:03:13.591+00,2026-09-15 03:03:15.02519+00,2026-09-15 03:03:16.437442+00,0,1434,1412,2846,wamid.HBgNNTQ5MjYxMzI3MzkxNhUCABEYEjNFQTA3Njk4NzIyMjQxQkY0QwA=,live,sent,f,1,0.000147,1339
77,woocommerce,paid,2026-09-15 03:03:28.872+00,2026-09-15 03:03:29.937724+00,2026-09-15 03:03:31.255434+00,0,1066,1318,2383,wamid.HBgNNTQ5MjYxNTkxNTM5MBUCABEYEkE5NjcyMkY1RDc5NzQ0MjREQwA=,live,sent,f,1,0.000144,971
78,woocommerce,delivered,2026-09-15 03:03:44.161+00,2026-09-15 03:03:45.820374+00,2026-09-15 03:03:47.293705+00,0,1659,1473,3133,wamid.HBgNNTQ5MjYxMzY3ODA4MBUCABEYEjM2ODkxM0JDRUI5MTg5NTM5RgA=,live,sent,f,1,0.000148,1572
79,woocommerce,delivered,2026-09-15 03:03:59.449+00,2026-09-15 03:04:00.633123+00,2026-09-15 03:04:02.13857+00,0,1184,1505,2690,wamid.HBgNNTQ5MjYxMzA3NTg1MBUCABEYEjc2QzU1QzY0MjdDMTEwRjVGOQA=,live,sent,f,1,0.000146,1083
80,woocommerce,pending_payment,2026-09-15 03:04:14.606+00,2026-09-15 03:04:16.41192+00,2026-09-15 03:04:17.274294+00,0,1806,862,2668,wamid.HBgNNTQ5MjYxMzI3MzkxNhUCABEYEjk5NUU2REIwOEYzQjk1NzJEMAA=,live,sent,f,1,0.000147,1711
81,woocommerce,paid,2026-09-15 03:04:29.901+00,2026-09-15 03:04:31.001324+00,2026-09-15 03:04:32.322262+00,0,1100,1321,2421,wamid.HBgNNTQ5MjYxNTkxNTM5MBUCABEYEkUwQUFCNzMxMTA4NDZBNEZCNAA=,live,sent,f,1,0.000144,1005
82,woocommerce,paid,2026-09-15 03:04:45.195+00,2026-09-15 03:04:46.551899+00,2026-09-15 03:04:47.963663+00,0,1357,1412,2769,wamid.HBgNNTQ5MjYxMzY3ODA4MBUCABEYEkZDRkIwOTExMTU0RDAxNzY4RQA=,live,sent,f,1,0.000145,1268
83,woocommerce,paid,2026-09-15 03:05:00.524+00,2026-09-15 03:05:01.674863+00,2026-09-15 03:05:03.071272+00,0,1151,1396,2547,wamid.HBgNNTQ5MjYxMzA3NTg1MBUCABEYEkRBMDEzRkEzMUM2Q0FEQ0U0MQA=,live,sent,f,1,0.000144,1032
84,woocommerce,refunded,2026-09-15 03:05:15.723+00,2026-09-15 03:05:16.911787+00,2026-09-15 03:05:17.767674+00,0,1189,856,2045,wamid.HBgNNTQ5MjYxMzI3MzkxNhUCABEYEkM3OUQxNzAyMTg5RDZEQjZCOQA=,live,sent,f,1,0.000149,1092
85,woocommerce,delivered,2026-09-15 03:05:31.016+00,2026-09-15 03:05:32.213306+00,2026-09-15 03:05:33.577853+00,0,1197,1365,2562,wamid.HBgNNTQ5MjYxNTkxNTM5MBUCABEYEkFBODY1MzY4NTY5NEMyN0I5MwA=,live,sent,f,1,0.000146,1109
86,woocommerce,delivered,2026-09-15 03:05:46.292+00,2026-09-15 03:05:48.019727+00,2026-09-15 03:05:49.583605+00,0,1728,1564,3292,wamid.HBgNNTQ5MjYxMzY3ODA4MBUCABEYEkY0QTI5ODU5Q0E4Njg1MkI0MAA=,live,sent,f,1,0.000148,1629
87,woocommerce,cancelled,2026-09-15 03:06:01.536+00,2026-09-15 03:06:02.58009+00,2026-09-15 03:06:04.013402+00,0,1044,1433,2477,wamid.HBgNNTQ5MjYxMzA3NTg1MBUCABEYEjk4QzYyODM5RTgzNDM3MUVBNgA=,live,sent,f,1,0.000146,959
88,woocommerce,paid,2026-09-15 03:06:16.81+00,2026-09-15 03:06:17.862582+00,2026-09-15 03:06:19.213312+00,0,1053,1351,2403,wamid.HBgNNTQ5MjYxMzI3MzkxNhUCABEYEjIxNkUyOThBRDZFQUFGMkNCNAA=,live,sent,f,1,0.000144,956
89,woocommerce,delivered,2026-09-15 03:06:32.11+00,2026-09-15 03:06:33.165145+00,2026-09-15 03:06:34.48962+00,0,1055,1324,2380,wamid.HBgNNTQ5MjYxNTkxNTM5MBUCABEYEjNDQzk4MEQ5RDQ4NjI3QTIxQQA=,live,sent,f,1,0.000148,965
90,woocommerce,paid,2026-09-15 03:06:47.383+00,2026-09-15 03:06:48.699858+00,2026-09-15 03:06:50.173097+00,0,1317,1473,2790,wamid.HBgNNTQ5MjYxMzY3ODA4MBUCABEYEkQyNTg4MDExRkU3NTVERkVENQA=,live,sent,f,1,0.000144,1216
91,woocommerce,paid,2026-09-15 03:07:02.694+00,2026-09-15 03:07:03.835359+00,2026-09-15 03:07:05.349684+00,0,1141,1514,2656,wamid.HBgNNTQ5MjYxMzA3NTg1MBUCABEYEjE2OUFFN0NERUExNjZEMjg5NQA=,live,sent,f,1,0.000147,1053
92,woocommerce,delivered,2026-09-15 03:07:17.959+00,2026-09-15 03:07:19.109543+00,2026-09-15 03:07:20.384697+00,0,1151,1275,2426,wamid.HBgNNTQ5MjYxMzI3MzkxNhUCABEYEkRBQzk1NzY5MkU5QUFGMDc0RQA=,live,sent,f,1,0.000148,1064
93,woocommerce,pending_payment,2026-09-15 03:07:33.124+00,2026-09-15 03:07:34.301254+00,2026-09-15 03:07:35.682874+00,0,1177,1382,2559,wamid.HBgNNTQ5MjYxNTkxNTM5MBUCABEYEkZERDdGODExMzk1ODdGN0U1MwA=,live,sent,f,1,0.000145,1080
94,woocommerce,paid,2026-09-15 03:07:48.41+00,2026-09-15 03:07:50.079521+00,2026-09-15 03:07:52.330373+00,0,1670,2251,3920,wamid.HBgNNTQ5MjYxMzY3ODA4MBUCABEYEjgzMDJFRjMxRDI5QzM3RjlENgA=,live,sent,f,1,0.000147,1573
95,woocommerce,paid,2026-09-15 03:08:03.726+00,2026-09-15 03:08:04.861419+00,2026-09-15 03:08:06.357698+00,0,1135,1496,2632,wamid.HBgNNTQ5MjYxMzA3NTg1MBUCABEYEjQ4RjBGOEIxMTBGODA4NDQ4NwA=,live,sent,f,1,0.000144,1049
96,woocommerce,delivered,2026-09-15 03:08:19.014+00,2026-09-15 03:08:20.073231+00,2026-09-15 03:08:21.319599+00,0,1059,1246,2306,wamid.HBgNNTQ5MjYxMzI3MzkxNhUCABEYEkJERDIyODYwRTI3RUIzMzQ1RQA=,live,sent,f,1,0.000148,973
97,woocommerce,pending_payment,2026-09-15 03:08:34.164+00,2026-09-15 03:08:35.437353+00,2026-09-15 03:08:36.766625+00,0,1273,1329,2603,wamid.HBgNNTQ5MjYxNTkxNTM5MBUCABEYEjY5MjhFM0VFMUIyN0JENjM1NQA=,live,sent,f,1,0.000144,1175
98,woocommerce,delivered,2026-09-15 03:08:49.446+00,2026-09-15 03:08:50.822633+00,2026-09-15 03:08:52.254128+00,0,1377,1431,2808,wamid.HBgNNTQ5MjYxMzY3ODA4MBUCABEYEkYyNTIwMjVCRDgxQzQ1NjBCMQA=,live,sent,f,1,0.000148,1286
99,woocommerce,cancelled,2026-09-15 03:09:04.704+00,2026-09-15 03:09:06.013494+00,2026-09-15 03:09:07.399514+00,0,1309,1386,2696,wamid.HBgNNTQ5MjYxMzA3NTg1MBUCABEYEjNGNjMwRDExRTZGQkEwMDJDNQA=,live,sent,f,1,0.000146,1212
100,woocommerce,pending_payment,2026-09-15 03:09:19.879+00,2026-09-15 03:09:20.918383+00,2026-09-15 03:09:22.170956+00,0,1039,1253,2292,wamid.HBgNNTQ5MjYxMzI3MzkxNhUCABEYEkUyMTlDM0JFNkNGQjQyNkU3MwA=,live,sent,f,1,0.000144,932
101,woocommerce,paid,2026-09-15 03:09:35.162+00,2026-09-15 03:09:36.231319+00,2026-09-15 03:09:37.591467+00,0,1069,1360,2429,wamid.HBgNNTQ5MjYxNTkxNTM5MBUCABEYEjkxNzYyNzk4RDlBMjgwREY5MgA=,live,sent,f,1,0.000144,978
102,woocommerce,cancelled,2026-09-15 03:09:50.36+00,2026-09-15 03:09:52.268913+00,2026-09-15 03:09:53.625394+00,0,1909,1356,3265,wamid.HBgNNTQ5MjYxMzY3ODA4MBUCABEYEjM5MzhBQkVEMEJBMjEyOEU4QwA=,live,sent,f,1,0.000146,1824
103,woocommerce,refunded,2026-09-15 03:10:05.528+00,2026-09-15 03:10:07.038585+00,2026-09-15 03:10:08.183409+00,0,1511,1145,2655,wamid.HBgNNTQ5MjYxMzA3NTg1MBUCABEYEjA3OEUyMTNDQjcwRTcwMzY4NgA=,live,sent,f,1,0.000148,1425
104,woocommerce,cancelled,2026-09-15 03:10:20.741+00,2026-09-15 03:10:21.892388+00,2026-09-15 03:10:23.381311+00,0,1151,1489,2640,wamid.HBgNNTQ5MjYxMzI3MzkxNhUCABEYEjAxMDk2M0YxNDVGNzMzN0MwRAA=,live,sent,f,1,0.000147,1059
105,woocommerce,pending_payment,2026-09-15 03:10:35.895+00,2026-09-15 03:10:37.110086+00,2026-09-15 03:10:38.730744+00,0,1215,1621,2836,wamid.HBgNNTQ5MjYxNTkxNTM5MBUCABEYEjU5MDEyRTU3MUU1NDk2MjkwOAA=,live,sent,f,1,0.000145,1125
106,woocommerce,pending_payment,2026-09-15 03:10:51.048+00,2026-09-15 03:10:52.343441+00,2026-09-15 03:10:53.398213+00,0,1295,1055,2350,wamid.HBgNNTQ5MjYxMzY3ODA4MBUCABEYEkMyQzIyQzEzNTVFRjg3QUU4NgA=,live,sent,f,1,0.000144,1207
107,woocommerce,cancelled,2026-09-15 03:11:06.237+00,2026-09-15 03:11:07.492785+00,2026-09-15 03:11:08.828608+00,0,1256,1336,2592,wamid.HBgNNTQ5MjYxMzA3NTg1MBUCABEYEjkyMkQyRjgwMkFFRDdEMTlGQwA=,live,sent,f,1,0.000147,1169
108,woocommerce,paid,2026-09-15 03:11:21.518+00,2026-09-15 03:11:22.64673+00,2026-09-15 03:11:24.629173+00,0,1129,1982,3111,wamid.HBgNNTQ5MjYxMzI3MzkxNhUCABEYEkNDNUY3N0UxQzJDMEQzNjM2NgA=,live,sent,f,1,0.000144,1036
109,woocommerce,refunded,2026-09-15 03:11:36.681+00,2026-09-15 03:11:37.988514+00,2026-09-15 03:11:39.52268+00,0,1308,1534,2842,wamid.HBgNNTQ5MjYxNTkxNTM5MBUCABEYEjI3OUFGNUY2NDFFNEM2NERCNQA=,live,sent,f,1,0.000148,1220
110,woocommerce,paid,2026-09-15 03:11:51.961+00,2026-09-15 03:11:53.041705+00,2026-09-15 03:11:54.361325+00,0,1081,1320,2400,wamid.HBgNNTQ5MjYxMzY3ODA4MBUCABEYEkNFMEEwQTMxQjQ0NjAxRTQ3MAA=,live,sent,f,1,0.000144,993
111,woocommerce,delivered,2026-09-15 03:12:07.229+00,2026-09-15 03:12:08.686976+00,2026-09-15 03:12:10.12869+00,0,1458,1442,2900,wamid.HBgNNTQ5MjYxMzA3NTg1MBUCABEYEjUyRTMzMzhENTU1NDg5ODU4RQA=,live,sent,f,1,0.000148,1366
112,woocommerce,delivered,2026-09-15 03:12:22.515+00,2026-09-15 03:12:23.719514+00,2026-09-15 03:12:25.010837+00,0,1205,1291,2496,wamid.HBgNNTQ5MjYxMzI3MzkxNhUCABEYEjUxMzM2RUVEQ0QxODVDNzBGRQA=,live,sent,f,1,0.000146,1114
113,woocommerce,paid,2026-09-15 03:12:37.791+00,2026-09-15 03:12:38.876141+00,2026-09-15 03:12:40.21639+00,0,1085,1340,2425,wamid.HBgNNTQ5MjYxNTkxNTM5MBUCABEYEjVFRUUyN0IyQkRDMTU5QzEzMwA=,live,sent,f,1,0.000144,999
114,woocommerce,cancelled,2026-09-15 03:12:52.993+00,2026-09-15 03:12:54.059838+00,2026-09-15 03:12:55.438275+00,0,1067,1378,2445,wamid.HBgNNTQ5MjYxMzY3ODA4MBUCABEYEjE3RTg1MTJBN0NGMUI1NUZENAA=,live,sent,f,1,0.000146,978
115,woocommerce,paid,2026-09-15 03:13:08.268+00,2026-09-15 03:13:10.030616+00,2026-09-15 03:13:11.472905+00,0,1763,1442,3205,wamid.HBgNNTQ5MjYxMzA3NTg1MBUCABEYEkUxRTMxQTQ5MDNCMzBGOENDQwA=,live,sent,f,1,0.000147,1673
116,woocommerce,paid,2026-09-15 03:13:23.565+00,2026-09-15 03:13:24.49109+00,2026-09-15 03:13:25.897845+00,0,926,1407,2333,wamid.HBgNNTQ5MjYxMzI3MzkxNhUCABEYEkEzMjVBRUVEQ0M5MUY0MjdERQA=,live,sent,f,1,0.000138,844
117,woocommerce,refunded,2026-09-15 03:13:38.724+00,2026-09-15 03:13:39.879441+00,2026-09-15 03:13:41.177704+00,0,1155,1298,2454,wamid.HBgNNTQ5MjYxNTkxNTM5MBUCABEYEjI2M0U2RDlBQUU1NzAzRkE4OAA=,live,sent,f,1,0.000149,1071
118,woocommerce,paid,2026-09-15 03:13:53.975+00,2026-09-15 03:13:55.098637+00,2026-09-15 03:13:56.6111+00,0,1124,1512,2636,wamid.HBgNNTQ5MjYxMzY3ODA4MBUCABEYEkE3MEFERUIzNTk4OUI4MTE0NgA=,live,sent,f,1,0.000147,1040
119,woocommerce,delivered,2026-09-15 03:14:09.255+00,2026-09-15 03:14:10.640444+00,2026-09-15 03:14:12.086279+00,0,1385,1446,2831,wamid.HBgNNTQ5MjYxMzA3NTg1MBUCABEYEjdCMjFDMkMwRDA2Nzg5QjIwMQA=,live,sent,f,1,0.000148,1298
120,woocommerce,pending_payment,2026-09-15 03:14:24.412+00,2026-09-15 03:14:25.479066+00,2026-09-15 03:14:26.755063+00,0,1067,1276,2343,wamid.HBgNNTQ5MjYxMzI3MzkxNhUCABEYEjE3M0E4MzlENEE3MUQxMDk2MQA=,live,sent,f,1,0.000145,980
121,woocommerce,paid,2026-09-15 03:14:39.706+00,2026-09-15 03:14:40.736977+00,2026-09-15 03:14:42.013226+00,0,1031,1276,2307,wamid.HBgNNTQ5MjYxNTkxNTM5MBUCABEYEjk4QUFEQkEyQkM1MDMwODE3OAA=,live,sent,f,1,0.000147,944
122,woocommerce,pending_payment,2026-09-15 03:14:54.86+00,2026-09-15 03:14:56.044392+00,2026-09-15 03:14:57.045169+00,0,1184,1001,2185,wamid.HBgNNTQ5MjYxMzY3ODA4MBUCABEYEjQwRkNFNjU4REQxMTNEMkIzOQA=,live,sent,f,1,0.000147,1092
123,woocommerce,cancelled,2026-09-15 03:15:10.08+00,2026-09-15 03:15:11.392055+00,2026-09-15 03:15:12.81671+00,0,1312,1425,2737,wamid.HBgNNTQ5MjYxMzA3NTg1MBUCABEYEjFEMDUyRjU4NTY3QTY4RjI1NAA=,live,sent,f,1,0.000146,1215
124,woocommerce,paid,2026-09-15 03:15:25.353+00,2026-09-15 03:15:26.574621+00,2026-09-15 03:15:27.853757+00,0,1222,1279,2501,wamid.HBgNNTQ5MjYxMzI3MzkxNhUCABEYEjE5MjVFQUMzMTI4QUVDQzVGOQA=,live,sent,f,1,0.000147,1133
125,woocommerce,delivered,2026-09-15 03:15:40.648+00,2026-09-15 03:15:41.767868+00,2026-09-15 03:15:43.121818+00,0,1120,1354,2474,wamid.HBgNNTQ5MjYxNTkxNTM5MBUCABEYEjY1ODk1NDY1M0U0MUIxREFGOAA=,live,sent,f,1,0.000148,1022
126,woocommerce,delivered,2026-09-15 03:15:55.939+00,2026-09-15 03:15:57.196111+00,2026-09-15 03:15:58.557484+00,0,1257,1361,2618,wamid.HBgNNTQ5MjYxMzY3ODA4MBUCABEYEjI4M0EzNDJFNzY4QTM1RDE2NwA=,live,sent,f,1,0.000148,1172
127,woocommerce,delivered,2026-09-15 03:16:11.229+00,2026-09-15 03:16:12.305282+00,2026-09-15 03:16:13.720714+00,0,1076,1415,2492,wamid.HBgNNTQ5MjYxMzA3NTg1MBUCABEYEkY2NkUxRkJENTkwMzg4MDdEOAA=,live,sent,f,1,0.000146,992
128,woocommerce,delivered,2026-09-15 03:16:26.502+00,2026-09-15 03:16:27.858117+00,2026-09-15 03:16:28.745737+00,0,1356,888,2244,wamid.HBgNNTQ5MjYxMzI3MzkxNhUCABEYEkJCNUY1MDY0N0VBOTQ2RjE1NQA=,live,sent,f,1,0.000148,1266
129,woocommerce,delivered,2026-09-15 03:16:41.78+00,2026-09-15 03:16:43.013888+00,2026-09-15 03:16:44.331355+00,0,1234,1317,2551,wamid.HBgNNTQ5MjYxNTkxNTM5MBUCABEYEjhEOEZCMTJDOUUxQTJFOUZBNAA=,live,sent,f,1,0.000146,1141
