wc_id,estado,received_at,generated_at,dispatched_at,ack_ms,llm_ms,dispatch_ms,e2e_ms,wamid_hash,wamid_origen,destinatario,message_status,validator_passes,cost_usd,llm_latency_ms
28,paid,2026-09-11 19:22:58.026+00,2026-09-11 19:23:01.058349+00,2026-09-11 19:23:03.328567+00,0,3032,2270,5303,1dcf218e9cb2af0e,meta,D1,sent,1,0.000141,2741
29,paid,2026-09-11 19:23:13.268+00,2026-09-11 19:23:15.00664+00,2026-09-11 19:23:16.485581+00,0,1739,1479,3218,58718a6895f63d26,meta,D2,sent,1,0.000144,1650
30,paid,2026-09-11 19:23:28.522+00,2026-09-11 19:23:30.23768+00,2026-09-11 19:23:32.159355+00,0,1716,1922,3637,4cce77ac04279957,meta,D3,sent,1,0.000144,1621
31,paid,2026-09-11 19:23:43.766+00,2026-09-11 19:23:46.763706+00,2026-09-11 19:23:48.427118+00,0,2998,1663,4661,86ee78275619f703,meta,D4,sent,1,0.000147,2900
32,paid,2026-09-11 19:23:59.004+00,2026-09-11 19:24:00.348828+00,2026-09-11 19:24:01.799207+00,0,1345,1450,2795,43237d83de10a763,meta,D1,sent,1,0.000138,1258
33,paid,2026-09-11 19:24:14.239+00,2026-09-11 19:24:16.020684+00,2026-09-11 19:24:16.901259+00,0,1782,881,2662,a89345e4ed8339c7,meta,D2,sent,1,0.000144,1701
34,paid,2026-09-11 19:24:29.541+00,2026-09-11 19:24:31.22407+00,2026-09-11 19:24:32.670525+00,0,1683,1446,3130,1d98356b3b9865d5,meta,D3,sent,1,0.000147,1550
35,paid,2026-09-11 19:24:44.807+00,2026-09-11 19:24:46.032271+00,2026-09-11 19:24:47.426745+00,0,1225,1394,2620,43d3faf4607e4dc2,meta,D4,sent,1,0.000144,1126
36,delivered,2026-09-11 19:25:00.074+00,2026-09-11 19:25:02.200755+00,2026-09-11 19:25:03.669277+00,0,2127,1469,3595,1635f78fe4d4f829,meta,D1,sent,1,0.000148,2037
37,delivered,2026-09-11 19:25:15.336+00,2026-09-11 19:25:16.560369+00,2026-09-11 19:25:17.83413+00,0,1224,1274,2498,12dc6a74dbe61664,meta,D2,sent,1,0.000146,1118
38,delivered,2026-09-11 19:25:30.586+00,2026-09-11 19:25:32.416307+00,2026-09-11 19:25:33.882242+00,0,1830,1466,3296,b81697974b1ddaec,meta,D3,sent,1,0.000148,1734
39,paid,2026-09-11 19:25:45.895+00,2026-09-11 19:25:47.04618+00,2026-09-11 19:25:48.487502+00,0,1151,1441,2593,fc4b27c46d231952,meta,D4,sent,1,0.000144,1023
40,paid,2026-09-11 19:26:01.151+00,2026-09-11 19:26:02.770593+00,2026-09-11 19:26:04.14212+00,0,1620,1372,2991,7b70b85335ab6d36,meta,D1,sent,1,0.000147,1523
41,pending_payment,2026-09-11 19:26:16.29+00,2026-09-11 19:26:17.947332+00,2026-09-11 19:26:19.202627+00,0,1657,1255,2913,cf993634320cec79,meta,D2,sent,1,0.000147,1568
42,cancelled,2026-09-11 19:26:31.481+00,2026-09-11 19:26:32.67821+00,2026-09-11 19:26:34.177347+00,0,1197,1499,2696,0f3cf308a22adb21,meta,D3,sent,1,0.000146,1100
43,refunded,2026-09-11 19:26:46.628+00,2026-09-11 19:26:47.794174+00,2026-09-11 19:26:49.18512+00,0,1166,1391,2557,b411cfd51815afae,meta,D4,sent,1,0.000148,1075
