Evaluador,Marca temporal,Participación previa,Claridad — CAL-A,Adecuación del tono — CAL-A,Relevancia contextual — CAL-A,Corrección lingüística — CAL-A,Claridad — CAL-B,Adecuación del tono — CAL-B,Relevancia contextual — CAL-B,Corrección lingüística — CAL-B,Control de lectura,Claridad — R01,Adecuación del tono — R01,Relevancia contextual — R01,Corrección lingüística — R01,Claridad — R02,Adecuación del tono — R02,Relevancia contextual — R02,Corrección lingüística — R02,Claridad — R03,Adecuación del tono — R03,Relevancia contextual — R03,Corrección lingüística — R03,Claridad — R04,Adecuación del tono — R04,Relevancia contextual — R04,Corrección lingüística — R04,Claridad — R05,Adecuación del tono — R05,Relevancia contextual — R05,Corrección lingüística — R05,Claridad — R06,Adecuación del tono — R06,Relevancia contextual — R06,Corrección lingüística — R06,Claridad — R07,Adecuación del tono — R07,Relevancia contextual — R07,Corrección lingüística — R07,Claridad — R08,Adecuación del tono — R08,Relevancia contextual — R08,Corrección lingüística — R08,Claridad — R09,Adecuación del tono — R09,Relevancia contextual — R09,Corrección lingüística — R09,Claridad — R10,Adecuación del tono — R10,Relevancia contextual — R10,Corrección lingüística — R10,Claridad — R11,Adecuación del tono — R11,Relevancia contextual — R11,Corrección lingüística — R11,Claridad — R12,Adecuación del tono — R12,Relevancia contextual — R12,Corrección lingüística — R12,Claridad — R13,Adecuación del tono — R13,Relevancia contextual — R13,Corrección lingüística — R13,Claridad — R14,Adecuación del tono — R14,Relevancia contextual — R14,Corrección lingüística — R14,Claridad — R15,Adecuación del tono — R15,Relevancia contextual — R15,Corrección lingüística — R15,Claridad — R16,Adecuación del tono — R16,Relevancia contextual — R16,Corrección lingüística — R16,Claridad — R17,Adecuación del tono — R17,Relevancia contextual — R17,Corrección lingüística — R17,Claridad — R18,Adecuación del tono — R18,Relevancia contextual — R18,Corrección lingüística — R18,Origen — R01,Origen — R02,Origen — R03,Origen — R04,Origen — R05,Origen — R06,Origen — R07,Origen — R08,Origen — R09,Origen — R10,Origen — R11,Origen — R12,Origen — R13,Origen — R14,Origen — R15,Origen — R16,Origen — R17,Origen — R18,Comentarios (opcional)
E1,2026/09/24 5:40:32 p. m. GMT-3,No,4,5,3,1,3,5,5,3,1,5,5,5,5,5,5,5,5,4,4,4,3,5,5,5,5,5,5,5,5,5,5,5,5,5,5,5,5,5,5,5,5,5,5,5,5,5,5,5,5,5,5,5,5,5,5,5,5,5,5,5,5,5,5,5,5,5,5,5,5,5,5,5,5,5,5,5,5,5,5,5,4,Lo generó un sistema de inteligencia artificial,Lo escribió una persona,Lo escribió una persona,Lo escribió una persona,Lo escribió una persona,Lo generó un sistema de inteligencia artificial,Lo escribió una persona,Lo generó un sistema de inteligencia artificial,Lo escribió una persona,Lo escribió una persona,Lo escribió una persona,Lo generó un sistema de inteligencia artificial,Lo generó un sistema de inteligencia artificial,Lo escribió una persona,Lo generó un sistema de inteligencia artificial,Lo escribió una persona,Lo generó un sistema de inteligencia artificial,Lo escribió una persona,
E2,2026/09/25 11:13:48 a. m. GMT-3,Sí,5,5,1,5,5,5,5,5,1,5,5,4,5,5,3,4,5,5,5,5,5,3,5,3,5,4,5,5,4,4,5,4,5,5,4,5,4,4,5,4,5,5,5,5,4,5,5,5,5,5,5,5,5,3,4,4,5,5,5,1,5,5,5,3,5,5,4,5,5,4,5,3,5,5,4,5,5,5,4,5,5,"Es una plantilla fija, igual para todos los pedidos en esa situación","Es una plantilla fija, igual para todos los pedidos en esa situación",Lo escribió una persona,Lo escribió una persona,Lo generó un sistema de inteligencia artificial,Lo escribió una persona,Lo generó un sistema de inteligencia artificial,Lo generó un sistema de inteligencia artificial,Lo generó un sistema de inteligencia artificial,Lo escribió una persona,No sé,"Es una plantilla fija, igual para todos los pedidos en esa situación","Es una plantilla fija, igual para todos los pedidos en esa situación","Es una plantilla fija, igual para todos los pedidos en esa situación",Lo generó un sistema de inteligencia artificial,"Es una plantilla fija, igual para todos los pedidos en esa situación",No sé,Lo escribió una persona,
E3,2026/09/25 1:50:35 p. m. GMT-3,Sí,1,3,1,5,3,3,3,3,1,1,3,1,4,1,3,1,4,5,5,5,5,5,5,5,5,5,5,5,5,5,5,5,5,4,4,4,4,5,5,5,5,5,5,5,4,4,5,4,5,5,5,5,5,1,4,1,4,1,3,1,4,1,3,1,4,5,5,5,5,1,4,1,4,5,4,5,4,5,4,5,4,"Es una plantilla fija, igual para todos los pedidos en esa situación","Es una plantilla fija, igual para todos los pedidos en esa situación",Lo escribió una persona,Lo escribió una persona,Lo escribió una persona,Lo escribió una persona,Lo escribió una persona,Lo escribió una persona,Lo escribió una persona,Lo escribió una persona,Lo escribió una persona,"Es una plantilla fija, igual para todos los pedidos en esa situación",Lo escribió una persona,"Es una plantilla fija, igual para todos los pedidos en esa situación",Lo escribió una persona,"Es una plantilla fija, igual para todos los pedidos en esa situación",Lo escribió una persona,Lo escribió una persona,
E4,2026/09/25 3:42:31 p. m. GMT-3,No,1,5,1,5,5,5,5,5,1,5,5,3,5,5,5,2,5,5,5,5,5,5,5,5,5,5,5,5,5,5,5,5,5,5,5,5,5,5,5,5,5,5,5,5,5,5,5,5,5,3,5,5,5,2,5,2,5,5,5,2,5,5,5,2,5,5,5,5,5,5,5,2,5,5,5,5,5,5,5,5,5,"Es una plantilla fija, igual para todos los pedidos en esa situación","Es una plantilla fija, igual para todos los pedidos en esa situación",Lo generó un sistema de inteligencia artificial,Lo generó un sistema de inteligencia artificial,Lo generó un sistema de inteligencia artificial,Lo generó un sistema de inteligencia artificial,Lo generó un sistema de inteligencia artificial,Lo escribió una persona,Lo generó un sistema de inteligencia artificial,Lo generó un sistema de inteligencia artificial,Lo generó un sistema de inteligencia artificial,"Es una plantilla fija, igual para todos los pedidos en esa situación","Es una plantilla fija, igual para todos los pedidos en esa situación","Es una plantilla fija, igual para todos los pedidos en esa situación",Lo escribió una persona,"Es una plantilla fija, igual para todos los pedidos en esa situación",Lo generó un sistema de inteligencia artificial,Lo generó un sistema de inteligencia artificial,Mike Towers.
E5,2026/09/25 4:31:13 p. m. GMT-3,Sí,2,2,2,3,4,4,4,4,1,2,2,2,2,4,4,4,4,5,5,5,5,4,4,4,4,3,3,3,3,5,5,5,5,3,4,3,3,5,5,5,5,5,5,5,5,5,5,5,5,5,5,5,5,1,1,1,1,5,4,5,5,1,1,1,1,3,3,3,3,3,3,3,3,3,3,3,3,4,4,4,4,Lo generó un sistema de inteligencia artificial,Lo escribió una persona,Lo generó un sistema de inteligencia artificial,Lo escribió una persona,Lo escribió una persona,Lo escribió una persona,Lo escribió una persona,"Es una plantilla fija, igual para todos los pedidos en esa situación",Lo generó un sistema de inteligencia artificial,"Es una plantilla fija, igual para todos los pedidos en esa situación",Lo escribió una persona,Lo escribió una persona,Lo escribió una persona,Lo escribió una persona,"Es una plantilla fija, igual para todos los pedidos en esa situación",Lo escribió una persona,Lo escribió una persona,"Es una plantilla fija, igual para todos los pedidos en esa situación",
E6,2026/09/28 12:54:50 p. m. GMT-3,Sí,4,3,4,5,5,5,4,5,1,3,3,3,5,5,5,3,5,5,5,3,5,5,5,3,5,5,5,3,5,5,5,3,5,5,5,3,5,5,5,3,5,5,5,3,5,5,5,3,5,5,5,3,5,5,5,3,5,5,5,3,5,5,5,3,5,5,5,3,5,5,5,3,5,5,5,4,5,5,5,4,5,"Es una plantilla fija, igual para todos los pedidos en esa situación","Es una plantilla fija, igual para todos los pedidos en esa situación",Lo generó un sistema de inteligencia artificial,Lo generó un sistema de inteligencia artificial,Lo generó un sistema de inteligencia artificial,Lo generó un sistema de inteligencia artificial,Lo generó un sistema de inteligencia artificial,Lo generó un sistema de inteligencia artificial,Lo generó un sistema de inteligencia artificial,Lo generó un sistema de inteligencia artificial,Lo generó un sistema de inteligencia artificial,"Es una plantilla fija, igual para todos los pedidos en esa situación","Es una plantilla fija, igual para todos los pedidos en esa situación","Es una plantilla fija, igual para todos los pedidos en esa situación",Lo generó un sistema de inteligencia artificial,"Es una plantilla fija, igual para todos los pedidos en esa situación",Lo generó un sistema de inteligencia artificial,Lo generó un sistema de inteligencia artificial,
E7,2026/09/28 1:17:07 p. m. GMT-3,No,5,5,5,5,5,5,5,5,1,5,5,5,5,5,5,5,5,5,5,5,5,5,5,5,5,5,5,5,5,5,5,5,5,5,5,5,5,5,5,5,5,5,5,5,5,5,5,5,5,5,5,5,5,5,5,5,5,5,5,5,5,5,5,5,5,5,5,5,5,5,5,5,5,5,5,5,5,5,5,5,5,"Es una plantilla fija, igual para todos los pedidos en esa situación","Es una plantilla fija, igual para todos los pedidos en esa situación","Es una plantilla fija, igual para todos los pedidos en esa situación","Es una plantilla fija, igual para todos los pedidos en esa situación","Es una plantilla fija, igual para todos los pedidos en esa situación","Es una plantilla fija, igual para todos los pedidos en esa situación","Es una plantilla fija, igual para todos los pedidos en esa situación","Es una plantilla fija, igual para todos los pedidos en esa situación","Es una plantilla fija, igual para todos los pedidos en esa situación","Es una plantilla fija, igual para todos los pedidos en esa situación","Es una plantilla fija, igual para todos los pedidos en esa situación","Es una plantilla fija, igual para todos los pedidos en esa situación","Es una plantilla fija, igual para todos los pedidos en esa situación","Es una plantilla fija, igual para todos los pedidos en esa situación","Es una plantilla fija, igual para todos los pedidos en esa situación","Es una plantilla fija, igual para todos los pedidos en esa situación","Es una plantilla fija, igual para todos los pedidos en esa situación","Es una plantilla fija, igual para todos los pedidos en esa situación",
E8,2026/09/29 11:04:18 p. m. GMT-3,Sí,4,3,3,5,5,5,5,5,1,3,1,3,3,3,1,3,3,5,5,5,5,5,5,5,5,5,5,5,5,5,5,5,5,5,5,5,5,5,5,5,5,5,5,5,5,5,4,5,5,4,4,4,4,3,3,3,3,3,3,3,3,4,4,4,4,4,4,4,4,3,4,4,4,5,5,5,5,5,5,5,5,"Es una plantilla fija, igual para todos los pedidos en esa situación","Es una plantilla fija, igual para todos los pedidos en esa situación",Lo escribió una persona,Lo escribió una persona,Lo escribió una persona,Lo escribió una persona,Lo escribió una persona,Lo escribió una persona,Lo escribió una persona,Lo escribió una persona,Lo escribió una persona,Lo generó un sistema de inteligencia artificial,Lo generó un sistema de inteligencia artificial,Lo escribió una persona,Lo escribió una persona,Lo generó un sistema de inteligencia artificial,Lo escribió una persona,Lo escribió una persona,
E9,2026/09/30 9:57:57 a. m. GMT-3,Sí,4,2,3,5,3,2,2,2,1,4,2,2,4,2,3,2,4,4,4,4,4,4,4,4,4,3,4,3,3,2,2,3,4,3,2,2,2,3,3,3,3,4,4,3,3,4,4,3,3,4,4,3,4,4,3,2,3,4,2,3,3,2,3,2,3,4,3,2,4,4,2,4,4,4,4,4,4,4,4,4,4,"Es una plantilla fija, igual para todos los pedidos en esa situación","Es una plantilla fija, igual para todos los pedidos en esa situación",Lo escribió una persona,Lo escribió una persona,Lo escribió una persona,"Es una plantilla fija, igual para todos los pedidos en esa situación",Lo generó un sistema de inteligencia artificial,Lo escribió una persona,Lo generó un sistema de inteligencia artificial,"Es una plantilla fija, igual para todos los pedidos en esa situación",Lo escribió una persona,Lo generó un sistema de inteligencia artificial,"Es una plantilla fija, igual para todos los pedidos en esa situación","Es una plantilla fija, igual para todos los pedidos en esa situación",Lo generó un sistema de inteligencia artificial,"Es una plantilla fija, igual para todos los pedidos en esa situación",Lo generó un sistema de inteligencia artificial,Lo generó un sistema de inteligencia artificial,
