id,mensaje,claridad_1a5,tono_1a5,relevancia_1a5,correccion_1a5
M01,"¡Hola!, te confirmamos que tu pedido de Neumático Michelin Primacy 4 225/45 R17 ha sido entregado. Muchas gracias por tu compra.",,,,
M02,"¡Hola!, hemos confirmado el pago de tu pedido. Ahora, tu pedido de Neumático Goodyear Eagle F1 245/40 R18 pasa a preparación.",,,,
M03,Se procesó el reembolso de tu pedido. Puede demorar unos días en verse reflejado según tu medio de pago.,,,,
M04,"¡Hola!, hemos confirmado el pago de tu pedido. Ahora, estamos preparando el Neumático Bridgestone Ecopia EP150 185/65 R14 para su envío.",,,,
M05,"¡Hola!, hemos confirmado el pago de tu pedido. Ahora, estamos preparando el Neumático Goodyear EfficientGrip 195/55 R15 para su envío.",,,,
M06,"¡Hola!, hemos confirmado el pago de tu pedido. Ahora, estamos preparando el Neumático Pirelli P7 205/55 R16 para su envío. Gracias por tu compra.",,,,
M07,"¡Hola!, hemos confirmado el pago de tu pedido de Neumático Continental PowerContact 185/65 R15. Tu pedido pasará a preparación en breve.",,,,
M08,Tu pedido fue despachado. Vas a recibirlo en los próximos días según el método de envío que elegiste.,,,,
M09,Recibimos el pago de tu compra. Estamos preparando tu pedido para el envío. Gracias por elegirnos.,,,,
M10,"Confirmamos la entrega de tu pedido. ¡Gracias por tu compra! Si necesitás algo, escribinos.",,,,
M11,"¡Hola!, hemos confirmado el pago de tu pedido. Ahora, estamos preparando el Neumático Bridgestone Turanza T005 205/55 R16 para su envío.",,,,
M12,"¡Hola!, estamos aguardando la confirmación del pago de tu pedido de 2 unidades del Neumático Pirelli Cinturato P1 195/65 R15. No dudes en contactarnos si tenés alguna consulta.",,,,
M13,"Tu pedido fue cancelado. Si fue un error o querés más información, contactanos así lo resolvemos.",,,,
M14,"¡Hola!, hemos confirmado el pago de tu pedido. Ahora, estamos preparando el Neumático Bridgestone Turanza T005 205/55 R16 para su envío. Agradecemos tu compra.",,,,
M15,"¡Hola!, hemos confirmado el pago de tu pedido. Ahora, el pedido pasa a preparación.",,,,
M16,"¡Hola!, hemos confirmado tu pago. Tu pedido de Neumático Continental ContiPremium 205/60 R16 pasa a preparación. Agradecemos tu compra.",,,,
M17,"¡Hola!, te confirmamos que se ha procesado el reembolso por el Servicio de alineación y balanceo (4 ruedas). Agradecemos tu comprensión y quedamos a disposición para cualquier consulta.",,,,
M18,"Estamos esperando la confirmación del pago de tu compra. Si ya pagaste, no te preocupes — en algunos casos puede demorar unos minutos.",,,,
M19,"¡Hola!, hemos confirmado el pago de tu pedido. Ahora, el pedido pasa a preparación.",,,,
M20,"¡Hola!, lamentamos informarte que tu pedido de 2 unidades del Neumático Fate Maxisport 195/65 R15 ha sido cancelado. Si tenés alguna consulta, no dudes en contactarnos.",,,,
