notif_id,status,channel,message_text
970a24e6-e6a2-436e-ba74-15034ee44c44,paid,mercadolibre,"¡Hola!, hemos confirmado el pago de tu pedido. Ahora, tu pedido de Neumático Goodyear Eagle F1 245/40 R18 pasa a preparación."
3c94509f-4e30-471f-a135-ff470ccf5fc8,paid,mercadolibre,"¡Hola!, hemos confirmado el pago de tu pedido. Ahora, estamos preparando el Neumático Pirelli P7 205/55 R16 para su envío. Gracias por tu compra."
e87e6ac2-9bc3-4b01-9ccb-1a2a68ce5259,paid,woocommerce,"¡Hola!, hemos confirmado tu pago. Tu pedido de Neumático Continental ContiPremium 205/60 R16 pasa a preparación. Agradecemos tu compra."
02757859-f382-4a68-bed5-fca67308768f,paid,woocommerce,"¡Hola!, hemos confirmado el pago de tu pedido. Ahora, estamos preparando el Neumático Bridgestone Turanza T005 205/55 R16 para su envío. Agradecemos tu compra."
19457f3a-a096-439b-a0e2-1d474b721054,paid,mercadolibre,"¡Hola!, hemos confirmado el pago de tu pedido. Ahora, estamos preparando el Neumático Bridgestone Ecopia EP150 185/65 R14 para su envío."
be9f2fcc-159c-4851-b53f-5c376631b1d2,paid,mercadolibre,"¡Hola!, hemos confirmado el pago de tu pedido. Ahora, estamos preparando el Neumático Bridgestone Turanza T005 205/55 R16 para su envío."
673d9cec-eafa-4aa1-9683-fee57115dd50,paid,mercadolibre,"¡Hola!, hemos confirmado el pago de tu pedido. Ahora, estamos preparando el Neumático Goodyear EfficientGrip 195/55 R15 para su envío."
a32eda0f-694e-463c-a03f-d038d1ced3ee,paid,woocommerce,"¡Hola!, hemos confirmado el pago de tu pedido. Ahora, el pedido pasa a preparación."
fa0c1021-672a-4a8a-bab9-baa3505e6918,paid,woocommerce,"¡Hola!, hemos confirmado el pago de tu pedido. Ahora, el pedido pasa a preparación."
05c302e4-d709-4d7e-b3f7-973d3594790a,paid,mercadolibre,"¡Hola!, hemos confirmado el pago de tu pedido de Neumático Continental PowerContact 185/65 R15. Tu pedido pasará a preparación en breve."
ba442282-6303-475e-afc7-541b3fb16556,pending_payment,mercadolibre,"¡Hola!, estamos aguardando la confirmación del pago de tu pedido de 2 unidades del Neumático Pirelli Cinturato P1 195/65 R15. No dudes en contactarnos si tenés alguna consulta."
37f3f2d6-d897-478a-9014-5ca27be86179,refunded,woocommerce,"¡Hola!, te confirmamos que se ha procesado el reembolso por el Servicio de alineación y balanceo (4 ruedas). Agradecemos tu comprensión y quedamos a disposición para cualquier consulta."
2f67860b-5068-4333-8716-d12121b1285c,cancelled,mercadolibre,"¡Hola!, lamentamos informarte que tu pedido de 2 unidades del Neumático Fate Maxisport 195/65 R15 ha sido cancelado. Si tenés alguna consulta, no dudes en contactarnos."
d43f82ae-5f0c-4866-8e5c-29907cba1985,delivered,woocommerce,"¡Hola!, te confirmamos que tu pedido de Neumático Michelin Primacy 4 225/45 R17 ha sido entregado. Muchas gracias por tu compra."
