id,mensaje
R01,"Tu pedido fue cancelado. Si fue un error o querés más información, contactanos así lo resolvemos."
R02,Tu pedido fue despachado. Vas a recibirlo en los próximos días según el método de envío que elegiste.
R03,Confirmamos que tu pedido de Firemax Max Power 195/65 14 ha sido entregado. Te agradecemos por tu compra y esperamos que disfrutes de tu nuevo neumático.
R04,Te confirmamos que se ha procesado el reembolso de tu pedido de Firemax Max Power 195/65 14. Agradecemos tu comprensión y quedamos a tu disposición para cualquier consulta.
R05,Estamos aguardando la confirmación del pago de tu pedido de 2 unidades del Neumático Pirelli Cinturato P1 195/65 R15. No dudes en contactarnos si tenés alguna consulta.
R06,"Lamentamos informarte que tu pedido de Pirelli P7 205/55 R 16 ha sido cancelado. Si tenés alguna consulta, no dudes en contactarnos."
R07,Te informamos que tu pedido con el Neumático Bridgestone Turanza T005 205/55 R16 ha sido despachado. Gracias por tu compra.
R08,"Lamentamos informarte que tu pedido de 2 unidades del Neumático Continental ContiPremium 205/60 R16 ha sido cancelado. Si tenés alguna consulta, no dudes en contactarnos."
R09,Confirmamos que tu pedido con los neumáticos Pirelli Cinturato P1 195/65 R15 ha sido entregado. Te agradecemos por tu compra y esperamos que disfrutes de tu producto.
R10,Te confirmamos que se ha procesado el reembolso de tu pedido de Fate Motorsport 175/70 R13. Agradecemos tu comprensión y quedamos a tu disposición para cualquier consulta.
R11,"Te confirmamos que hemos recibido el pago de tu pedido. Ahora, el mismo pasa a preparación. Gracias por tu compra de los neumáticos Fate Motorsport 175/70 R13."
R12,Se procesó el reembolso de tu pedido. Puede demorar unos días en verse reflejado según tu medio de pago.
R13,"Confirmamos la entrega de tu pedido. ¡Gracias por tu compra! Si necesitás algo, escribinos."
R14,"Estamos esperando la confirmación del pago de tu compra. Si ya pagaste, no te preocupes — en algunos casos puede demorar unos minutos."
R15,Estamos aguardando la confirmación del pago de tu pedido de 2 Neumáticos Goodyear Eagle F1 245/40 R18. No dudes en contactarnos si tenés alguna consulta.
R16,Recibimos el pago de tu compra. Estamos preparando tu pedido para el envío. Gracias por elegirnos.
R17,"Hemos confirmado el pago de tu pedido. Ahora, estamos preparando el Neumático Bridgestone Ecopia EP150 185/65 R14 para su envío."
R18,Te informamos que tu pedido con el Neumático Goodyear Eagle F1 245/40 R18 ha sido despachado. Gracias por tu compra.
